1,アクチュエーター
2,アノード
3,イオン交換樹脂
4,インダクタ
5,ウェーブレット
6,エミッター
7,オペアンプ
8,カーボンナノチューブ
9,キャパシタ
10,クーロン力
11,グラフェン
12,ケミカルポテンシャル
13,コヒーレンス
14,コンダクタンス
15,サーミスタ
16,シリカゲル
17,ジャイロスコープ
18,スピン軌道相互作用
19,セラミックコンデンサ
20,ソレノイド
21,ダイオード
22,チューブラーリアクター
23,デジタルポテンショメータ
24,トランスデューサ
25,ナノ粒子
26,ニオブ
27,ネオジム磁石
28,ノイズフィルタ
29,ハフ変換
30,バリスタ
31,ヒートシンク
32,ファラデーケージ
33,フォトダイオード
34,プラズモン
35,プレーナーアンテナ
36,ヘテロ構造
37,ホール素子
38,マグネトロン
39,ミリ波
40,ムーアの法則
41,メタマテリアル
42,モノリシックIC
43,ヤング率
44,ユビキタスセンサ
45,ラジアルファン
46,リードスイッチ
47,ルミネッセンス
48,レアアース
49,ロジックゲート
50,ワイヤボンディング
51,アナログフィルタ
52,イメージセンサ
53,ウィーンフィルタ
54,エッチング
55,オシロスコープ
56,カーボンファイバー
57,キャリア移動度
58,クライオスタット
59,グレーティング
60,ケルビン接点
61,コロナ放電
62,サーボモータ
63,シンクロトロン
64,ジャンクション
65,スカラ量
66,センサフュージョン
67,ソフトマター
68,ダイナミックレンジ
69,チップ抵抗
70,デジタルアイソレータ
71,トランジスタアレイ
72,ナノインプリント
73,ニッケル水素電池
74,ネガティブフィードバック
75,ノイズマージン
76,ハイブリッドIC
77,バンドギャップ
78,ヒステリシス
79,ファイバレーザ
80,フォトニック結晶
81,プラズマCVD
82,プレートコンデンサ
83,ヘリウム冷却
84,ホログラフィー
85,マイクロアクチュエータ
86,ミックスドシグナルIC
87,ムービングコイル
88,メモリセル
89,モードロック
90,ヤング干渉計
91,ユニポーラトランジスタ
92,ラマン分光
93,リチウムポリマー電池
94,ループアンテナ
95,レジスト材料
96,ローパスフィルタ
97,ワイドバンドアンプ
98,アーク放電
99,イオン源
100,ウィンドウ関数
101,エネルギー分散
102,オフセット電圧
103,カソード
104,キャリア再結合
105,クリーンルーム
106,グラジエント
107,ケミカルエッチング
108,コヒーレント光
109,サブストレート
110,シールドルーム
111,ジャンクションボックス
112,スピン偏極
113,セラミック基板
114,ソースフォロワ
115,ダイオードブリッジ
116,チューナブルレーザ
117,デジタルフィルタ
118,トランジスタラダー
119,ナノスケール
120,ニオブ酸化物
121,ネックダウン
122,ノイズキャンセリング
123,ハードマスク
124,バイポーラトランジスタ
125,ヒートパイプ
126,ファラデー回転
127,フォトレジスト
128,プラズマエッチング
129,プレーナー構造
130,ヘテロ接合
131,ホール効果
132,マイクロレンズアレイ
133,ミリ波アンテナ
134,ムーア回路
135,メタルマスク
136,モノリシック構造
137,ヤング変形
138,ユニバーサルゲート
139,ラジアル構造
140,リードフレーム
141,ルミネセンス材料
142,レアアース磁石
143,ロジックファミリ
144,ワイヤレスセンサ
145,アナログスイッチ
146,イメージプロセッサ
147,ウィーンブリッジ
148,エッチングガス
149,オシロスコーププローブ
150,カーボンブラック
151,キャリア注入
152,クライオジェニクス
153,グレーティング干渉計
154,ケルビンブリッジ
155,コロナ処理
156,サーボ制御
157,シンクロナス回路
158,ジャンクショントランジスタ
159,スカラフィールド
160,センサノード
161,ソフトウェア無線
162,ダイナミックメモリ
163,チップキャパシタ
164,デジタルゲート
165,トランジスタスイッチ
166,ナノ構造体
167,ニッケル合金
168,ネガティブロジック
169,ノイズフィギュア
170,ハイブリッドモジュール
171,バンドパスフィルタ
172,ヒステリシスループ
173,ファイバカプラ
174,フォトンカウント
175,プラズマ源
176,プレート抵抗
177,ヘリウムガス
178,ホログラム
179,マイクロミラー
180,ミックスドモード
181,ムービングマグネット
182,メモリインタフェース
183,モード変換
184,ヤング係数
185,ユニバーサルバス
186,ラマン効果
187,リチウムイオン電池
188,ループフィルタ
189,レジストパターン
190,ローパワー回路
191,ワイドバンドフィルタ
192,アノードフォロワ
193,キャリアライフタイム
194,グラフェンオキサイド
195,セラミックパッケージ
196,ナノワイヤ
197,フォトキャリア
198,ミリ波通信
199,レジスト剥離
200,ShiftJIS
